,steam,ideal stages,feed stage,real trays,diameter (ft),reflux ratio,column height (ft),condenser heat duty (GJ/h),boiler heat duty (GJ/h),condenser area (m**2),boiler area (m**2),shell cost,tray cost,condenser cost,reboiler cost,annual steam cost,annual cooling water cost,total capital cost,annual utility cost,EAOC,EAOC steam,annualized capX
0,600psi,50,20,67.0,6.0,1.67,142.0,-8.008,9.046,61.954,73.757,303990.901,263997.948,66628.639,237647.142,1345008.793,23813.625,872264.63,1368822.418,1543275.344,0.872,174452.926
212,50psi,35,13,47.0,6.0,1.67,102.0,-8.009,9.047,61.961,191.115,227606.932,185192.59,66630.67,685898.561,1067750.413,23816.193,1165328.754,1091566.606,1324632.357,0.806,233065.751
211,50psi,35,14,47.0,6.0,1.67,102.0,-8.009,9.047,61.961,191.114,227606.932,185192.59,66630.505,685891.781,1067742.146,23815.985,1165321.809,1091558.13,1324622.492,0.806,233064.362
210,50psi,35,15,47.0,6.0,1.67,102.0,-8.009,9.047,61.961,191.116,227606.932,185192.59,66630.748,685901.913,1067754.499,23816.292,1165332.183,1091570.791,1324637.227,0.806,233066.437
209,50psi,36,13,48.0,6.0,1.67,104.0,-8.009,9.047,61.96,191.113,231440.281,189132.858,66630.419,685888.389,1067738.01,23815.876,1173091.948,1091553.886,1326172.276,0.805,234618.39
208,50psi,36,14,48.0,6.0,1.67,104.0,-8.009,9.047,61.959,191.11,231440.281,189132.858,66630.08,685874.257,1067720.78,23815.447,1173077.476,1091536.227,1326151.722,0.805,234615.495
207,50psi,36,15,48.0,6.0,1.67,104.0,-8.009,9.047,61.959,191.11,231440.281,189132.858,66630.107,685875.603,1067722.42,23815.481,1173078.849,1091537.901,1326153.671,0.805,234615.77
214,50psi,34,14,46.0,6.0,1.67,100.0,-8.009,9.047,61.963,191.119,223771.16,181252.322,66631.145,685918.12,1067774.259,23816.794,1157572.748,1091591.053,1323105.603,0.807,231514.55
206,50psi,50,20,67.0,6.0,1.67,142.0,-8.008,9.046,61.954,191.097,303990.901,263997.948,66628.639,685814.748,1067648.222,23813.625,1320432.237,1091461.847,1355548.295,0.788,264086.447
104,150psi,36,15,48.0,6.0,1.67,104.0,-8.009,9.047,61.959,73.762,231440.281,189132.858,66630.107,237662.827,1126998.113,23815.481,724866.073,1150813.594,1295786.809,0.87,144973.215
105,150psi,36,14,48.0,6.0,1.67,104.0,-8.009,9.047,61.959,73.762,231440.281,189132.858,66630.08,237662.48,1126996.382,23815.447,724865.7,1150811.829,1295784.969,0.87,144973.14
106,150psi,36,13,48.0,6.0,1.67,104.0,-8.009,9.047,61.96,73.763,231440.281,189132.858,66630.419,237666.123,1127014.569,23815.876,724869.682,1150830.445,1295804.381,0.87,144973.936
107,150psi,35,15,47.0,6.0,1.67,102.0,-8.009,9.047,61.961,73.764,227606.932,185192.59,66630.748,237669.609,1127031.973,23816.292,717099.879,1150848.265,1294268.241,0.871,143419.976
108,150psi,35,14,47.0,6.0,1.67,102.0,-8.009,9.047,61.961,73.763,227606.932,185192.59,66630.505,237666.997,1127018.934,23815.985,717097.025,1150834.919,1294254.324,0.871,143419.405
109,150psi,35,13,47.0,6.0,1.67,102.0,-8.009,9.047,61.961,73.764,227606.932,185192.59,66630.67,237668.745,1127027.66,23816.193,717098.938,1150843.853,1294263.641,0.871,143419.788
103,150psi,50,20,67.0,6.0,1.67,142.0,-8.008,9.046,61.954,73.757,303990.901,263997.948,66628.639,237647.142,1126919.796,23813.625,872264.63,1150733.421,1325186.347,0.85,174452.926
111,150psi,34,14,46.0,6.0,1.67,100.0,-8.009,9.047,61.963,73.766,223771.16,181252.322,66631.145,237673.786,1127052.83,23816.794,709328.414,1150869.624,1292735.307,0.872,141865.683
215,50psi,34,13,46.0,6.0,1.67,100.0,-8.009,9.047,61.962,191.119,223771.16,181252.322,66631.083,685915.636,1067771.23,23816.715,1157570.2,1091587.945,1323101.985,0.807,231514.04
8,600psi,34,14,46.0,6.0,1.67,100.0,-8.009,9.047,61.963,73.766,223771.16,181252.322,66631.145,237673.786,1345167.572,23816.794,709328.414,1368984.366,1510850.049,0.89,141865.683
1,600psi,36,15,48.0,6.0,1.67,104.0,-8.009,9.047,61.959,73.762,231440.281,189132.858,66630.107,237662.827,1345102.266,23815.481,724866.073,1368917.747,1513890.962,0.889,144973.215
2,600psi,36,14,48.0,6.0,1.67,104.0,-8.009,9.047,61.959,73.762,231440.281,189132.858,66630.08,237662.48,1345100.199,23815.447,724865.7,1368915.647,1513888.786,0.889,144973.14
3,600psi,36,13,48.0,6.0,1.67,104.0,-8.009,9.047,61.96,73.763,231440.281,189132.858,66630.419,237666.123,1345121.906,23815.876,724869.682,1368937.782,1513911.718,0.889,144973.936
4,600psi,35,15,47.0,6.0,1.67,102.0,-8.009,9.047,61.961,73.764,227606.932,185192.59,66630.748,237669.609,1345142.678,23816.292,717099.879,1368958.97,1512378.946,0.889,143419.976
5,600psi,35,14,47.0,6.0,1.67,102.0,-8.009,9.047,61.961,73.763,227606.932,185192.59,66630.505,237666.997,1345127.116,23815.985,717097.025,1368943.101,1512362.506,0.889,143419.405
6,600psi,35,13,47.0,6.0,1.67,102.0,-8.009,9.047,61.961,73.764,227606.932,185192.59,66630.67,237668.745,1345137.53,23816.193,717098.938,1368953.724,1512373.511,0.889,143419.788
9,600psi,34,13,46.0,6.0,1.67,100.0,-8.009,9.047,61.962,73.765,223771.16,181252.322,66631.083,237673.146,1345163.756,23816.715,709327.711,1368980.471,1510846.013,0.89,141865.542
112,150psi,34,13,46.0,6.0,1.67,100.0,-8.009,9.047,61.962,73.765,223771.16,181252.322,66631.083,237673.146,1127049.633,23816.715,709327.711,1150866.348,1292731.89,0.872,141865.542
223,50psi,31,14,42.0,6.0,1.671,92.0,-8.012,9.05,61.982,191.172,208400.204,165491.251,66636.949,686157.169,1068065.69,23824.133,1126685.574,1091889.823,1317226.938,0.811,225337.115
217,50psi,33,14,44.0,6.0,1.671,96.0,-8.01,9.048,61.966,191.129,216091.639,173371.787,66632.238,685963.29,1067829.329,23818.176,1142058.953,1091647.506,1320059.296,0.809,228411.791
225,50psi,31,12,42.0,6.0,1.671,92.0,-8.011,9.049,61.977,191.158,208400.204,165491.251,66635.403,686093.564,1067988.152,23822.178,1126620.423,1091810.33,1317134.414,0.811,225324.085
222,50psi,32,12,43.0,6.0,1.671,94.0,-8.011,9.049,61.973,191.147,212247.512,169431.519,66634.274,686045.222,1067929.217,23820.75,1134358.527,1091749.967,1318621.672,0.81,226871.705
221,50psi,32,13,43.0,6.0,1.671,94.0,-8.01,9.048,61.968,191.135,212247.512,169431.519,66632.861,685988.945,1067860.608,23818.964,1134300.837,1091679.572,1318539.739,0.81,226860.167
220,50psi,32,14,43.0,6.0,1.671,94.0,-8.011,9.049,61.972,191.145,212247.512,169431.519,66633.952,686033.8,1067915.293,23820.344,1134346.784,1091735.636,1318604.993,0.81,226869.357
213,50psi,35,12,47.0,6.0,1.671,102.0,-8.01,9.048,61.969,191.137,227606.932,185192.59,66633.155,685999.142,1067873.04,23819.335,1165431.819,1091692.375,1324778.739,0.806,233086.364
219,50psi,33,12,44.0,6.0,1.671,96.0,-8.01,9.048,61.97,191.14,216091.639,173371.787,66633.498,686014.957,1067892.321,23819.769,1142111.881,1091712.09,1320134.466,0.809,228422.376
218,50psi,33,13,44.0,6.0,1.671,96.0,-8.01,9.048,61.965,191.125,216091.639,173371.787,66631.737,685942.644,1067804.159,23817.543,1142037.807,1091621.701,1320029.263,0.809,228407.561
110,150psi,35,12,47.0,6.0,1.671,102.0,-8.01,9.048,61.969,73.773,227606.932,185192.59,66633.155,237694.67,1127157.095,23819.335,717127.347,1150976.43,1294401.899,0.871,143425.469
224,50psi,31,13,42.0,6.0,1.671,92.0,-8.011,9.049,61.974,191.151,208400.204,165491.251,66634.629,686061.52,1067949.086,23821.2,1126587.604,1091770.285,1317087.806,0.811,225317.521
216,50psi,34,12,46.0,6.0,1.671,100.0,-8.01,9.048,61.969,191.137,223771.16,181252.322,66633.154,686001.035,1067875.347,23819.335,1157657.671,1091694.682,1323226.216,0.807,231531.534
116,150psi,33,12,44.0,6.0,1.671,96.0,-8.01,9.048,61.97,73.774,216091.639,173371.787,66633.498,237698.746,1127177.446,23819.769,693795.67,1150997.215,1289756.349,0.874,138759.134
114,150psi,33,14,44.0,6.0,1.671,96.0,-8.01,9.048,61.966,73.77,216091.639,173371.787,66632.238,237685.429,1127110.958,23818.176,693781.093,1150929.134,1289685.353,0.874,138756.219
7,600psi,35,12,47.0,6.0,1.671,102.0,-8.01,9.048,61.969,73.773,227606.932,185192.59,66633.155,237694.67,1345292.015,23819.335,717127.347,1369111.35,1512536.819,0.889,143425.469
10,600psi,34,12,46.0,6.0,1.671,100.0,-8.01,9.048,61.969,73.773,223771.16,181252.322,66633.154,237695.158,1345294.922,23819.335,709351.794,1369114.256,1510984.615,0.89,141870.359
11,600psi,33,14,44.0,6.0,1.671,96.0,-8.01,9.048,61.966,73.77,216091.639,173371.787,66632.238,237685.429,1345236.949,23818.176,693781.093,1369055.125,1507811.344,0.892,138756.219
12,600psi,33,13,44.0,6.0,1.671,96.0,-8.01,9.048,61.965,73.768,216091.639,173371.787,66631.737,237680.107,1345205.239,23817.543,693775.27,1369022.782,1507777.836,0.892,138755.054
13,600psi,33,12,44.0,6.0,1.671,96.0,-8.01,9.048,61.97,73.774,216091.639,173371.787,66633.498,237698.746,1345316.304,23819.769,693795.67,1369136.074,1507895.208,0.892,138759.134
14,600psi,32,14,43.0,6.0,1.671,94.0,-8.011,9.049,61.972,73.775,212247.512,169431.519,66633.952,237703.603,1345345.244,23820.344,686016.586,1369165.588,1506368.905,0.893,137203.317
15,600psi,32,13,43.0,6.0,1.671,94.0,-8.01,9.048,61.968,73.772,212247.512,169431.519,66632.861,237692.041,1345276.353,23818.964,686003.934,1369095.317,1506296.103,0.893,137200.787
16,600psi,32,12,43.0,6.0,1.671,94.0,-8.011,9.049,61.973,73.776,212247.512,169431.519,66634.274,237706.546,1345362.786,23820.75,686019.851,1369183.536,1506387.506,0.893,137203.97
17,600psi,31,14,42.0,6.0,1.671,92.0,-8.012,9.05,61.982,73.786,208400.204,165491.251,66636.949,237735.4,1345534.712,23824.133,678263.804,1369358.846,1505011.606,0.894,135652.761
18,600psi,31,13,42.0,6.0,1.671,92.0,-8.011,9.049,61.974,73.778,208400.204,165491.251,66634.629,237710.747,1345387.816,23821.2,678236.831,1369209.016,1504856.382,0.894,135647.366
19,600psi,31,12,42.0,6.0,1.671,92.0,-8.011,9.049,61.977,73.78,208400.204,165491.251,66635.403,237719.006,1345437.031,23822.178,678245.865,1369259.209,1504908.382,0.894,135649.173
21,600psi,30,13,40.0,6.0,1.671,88.0,-8.012,9.05,61.984,73.788,200695.158,157610.715,66637.622,237742.528,1345577.185,23824.984,662686.023,1369402.169,1501939.374,0.896,132537.205
113,150psi,34,12,46.0,6.0,1.671,100.0,-8.01,9.048,61.969,73.773,223771.16,181252.322,66633.154,237695.158,1127159.53,23819.335,709351.794,1150978.865,1292849.224,0.872,141870.359
22,600psi,30,12,40.0,6.0,1.671,88.0,-8.012,9.05,61.983,73.787,200695.158,157610.715,66637.246,237738.583,1345553.68,23824.509,662681.703,1369378.189,1501914.53,0.896,132536.341
121,150psi,31,13,42.0,6.0,1.671,92.0,-8.011,9.049,61.974,73.778,208400.204,165491.251,66634.629,237710.747,1127237.363,23821.2,678236.831,1151058.562,1286705.928,0.876,135647.366
115,150psi,33,13,44.0,6.0,1.671,96.0,-8.01,9.048,61.965,73.768,216091.639,173371.787,66631.737,237680.107,1127084.39,23817.543,693775.27,1150901.932,1289656.986,0.874,138755.054
227,50psi,30,13,40.0,6.0,1.671,88.0,-8.012,9.05,61.984,191.178,200695.158,157610.715,66637.622,686184.826,1068099.404,23824.984,1111128.321,1091924.388,1314150.052,0.813,222225.664
117,150psi,32,14,43.0,6.0,1.671,94.0,-8.011,9.049,61.972,73.775,212247.512,169431.519,66633.952,237703.603,1127201.693,23820.344,686016.586,1151022.037,1288225.354,0.875,137203.317
118,150psi,32,13,43.0,6.0,1.671,94.0,-8.01,9.048,61.968,73.772,212247.512,169431.519,66632.861,237692.041,1127143.972,23818.964,686003.934,1150962.936,1288163.723,0.875,137200.787
119,150psi,32,12,43.0,6.0,1.671,94.0,-8.011,9.049,61.973,73.776,212247.512,169431.519,66634.274,237706.546,1127216.391,23820.75,686019.851,1151037.141,1288241.111,0.875,137203.97
120,150psi,31,14,42.0,6.0,1.671,92.0,-8.012,9.05,61.982,73.786,208400.204,165491.251,66636.949,237735.4,1127360.44,23824.133,678263.804,1151184.573,1286837.334,0.876,135652.761
228,50psi,30,12,40.0,6.0,1.671,88.0,-8.012,9.05,61.983,191.174,200695.158,157610.715,66637.246,686169.52,1068080.746,23824.509,1111112.64,1091905.255,1314127.783,0.813,222222.528
124,150psi,30,13,40.0,6.0,1.671,88.0,-8.012,9.05,61.984,73.788,200695.158,157610.715,66637.622,237742.528,1127396.026,23824.984,662686.023,1151221.01,1283758.214,0.878,132537.205
125,150psi,30,12,40.0,6.0,1.671,88.0,-8.012,9.05,61.983,73.787,200695.158,157610.715,66637.246,237738.583,1127376.332,23824.509,662681.703,1151200.841,1283737.182,0.878,132536.341
122,150psi,31,12,42.0,6.0,1.671,92.0,-8.011,9.049,61.977,73.78,208400.204,165491.251,66635.403,237719.006,1127278.597,23822.178,678245.865,1151100.775,1286749.948,0.876,135649.173
128,150psi,29,12,39.0,6.0,1.672,86.0,-8.013,9.051,61.992,73.797,196836.942,153670.447,66640.157,237769.475,1127530.551,23828.191,654917.021,1151358.742,1282342.146,0.879,130983.404
123,150psi,31,11,42.0,6.0,1.672,92.0,-8.014,9.052,61.997,73.801,208400.204,165491.251,66641.463,237783.3,1127599.569,23829.842,678316.219,1151429.411,1287092.655,0.876,135663.244
131,150psi,28,12,38.0,6.0,1.672,84.0,-8.015,9.053,62.007,73.813,192974.587,149730.179,66644.744,237818.114,1127773.357,23833.991,647167.624,1151607.349,1281040.874,0.88,129433.525
126,150psi,30,11,40.0,6.0,1.672,88.0,-8.014,9.052,62.0,73.805,200695.158,157610.715,66642.506,237794.399,1127654.974,23831.161,662742.778,1151486.135,1284034.691,0.878,132548.556
127,150psi,29,13,39.0,6.0,1.672,86.0,-8.015,9.053,62.003,73.808,196836.942,153670.447,66643.481,237804.745,1127706.619,23832.394,654955.614,1151539.012,1282530.135,0.879,130991.123
226,50psi,31,11,42.0,6.0,1.672,92.0,-8.014,9.052,61.997,191.212,208400.204,165491.251,66641.463,686343.026,1068292.242,23829.842,1126875.944,1092122.084,1317497.273,0.811,225375.189
129,150psi,29,11,39.0,6.0,1.672,86.0,-8.015,9.053,62.006,73.811,196836.942,153670.447,66644.273,237813.162,1127748.635,23833.395,654964.823,1151582.031,1282574.995,0.879,130992.965
230,50psi,29,13,39.0,6.0,1.672,86.0,-8.015,9.053,62.003,191.23,196836.942,153670.447,66643.481,686426.234,1068393.661,23832.394,1103577.104,1092226.055,1312941.475,0.814,220715.421
231,50psi,29,12,39.0,6.0,1.672,86.0,-8.013,9.051,61.992,191.2,196836.942,153670.447,66640.157,686289.382,1068226.854,23828.191,1103436.928,1092055.045,1312742.43,0.814,220687.386
232,50psi,29,11,39.0,6.0,1.672,86.0,-8.015,9.053,62.006,191.237,196836.942,153670.447,66644.273,686458.894,1068433.468,23833.395,1103610.556,1092266.863,1312988.974,0.814,220722.111
234,50psi,28,12,38.0,6.0,1.672,84.0,-8.015,9.053,62.007,191.242,192974.587,149730.179,66644.744,686478.111,1068456.889,23833.991,1095827.622,1092290.881,1311456.405,0.815,219165.524
23,600psi,30,11,40.0,6.0,1.672,88.0,-8.014,9.052,62.0,73.805,200695.158,157610.715,66642.506,237794.399,1345886.247,23831.161,662742.778,1369717.408,1502265.964,0.896,132548.556
24,600psi,29,13,39.0,6.0,1.672,86.0,-8.015,9.053,62.003,73.808,196836.942,153670.447,66643.481,237804.745,1345947.886,23832.394,654955.614,1369780.28,1500771.403,0.897,130991.123
25,600psi,29,12,39.0,6.0,1.672,86.0,-8.013,9.051,61.992,73.797,196836.942,153670.447,66640.157,237769.475,1345737.745,23828.191,654917.021,1369565.935,1500549.34,0.897,130983.404
26,600psi,29,11,39.0,6.0,1.672,86.0,-8.015,9.053,62.006,73.811,196836.942,153670.447,66644.273,237813.162,1345998.034,23833.395,654964.823,1369831.429,1500824.394,0.897,130992.965
20,600psi,31,11,42.0,6.0,1.672,92.0,-8.014,9.052,61.997,73.801,208400.204,165491.251,66641.463,237783.3,1345820.119,23829.842,678316.219,1369649.962,1505313.205,0.894,135663.244
28,600psi,28,12,38.0,6.0,1.672,84.0,-8.015,9.053,62.007,73.813,192974.587,149730.179,66644.744,237818.114,1346027.54,23833.991,647167.624,1369861.532,1499295.057,0.898,129433.525
229,50psi,30,11,40.0,6.0,1.672,88.0,-8.014,9.052,62.0,191.221,200695.158,157610.715,66642.506,686386.091,1068344.733,23831.161,1111334.47,1092175.894,1314442.788,0.813,222266.894
33,600psi,27,11,36.0,6.0,1.673,80.0,-8.018,9.056,62.031,73.837,185236.326,141849.644,66651.783,237892.876,1346472.934,23842.894,631630.628,1370315.829,1496641.954,0.9,126326.126
130,150psi,28,13,38.0,6.0,1.673,84.0,-8.018,9.056,62.031,73.838,192974.587,149730.179,66651.888,237893.964,1128151.962,23843.027,647250.618,1151994.989,1281445.112,0.88,129450.124
136,150psi,27,11,36.0,6.0,1.673,80.0,-8.018,9.056,62.031,73.837,185236.326,141849.644,66651.783,237892.876,1128146.532,23842.894,631630.628,1151989.426,1278315.552,0.883,126326.126
27,600psi,28,13,38.0,6.0,1.673,84.0,-8.018,9.056,62.031,73.838,192974.587,149730.179,66651.888,237893.964,1346479.415,23843.027,647250.618,1370322.442,1499772.566,0.898,129450.124
29,600psi,28,11,38.0,6.0,1.673,84.0,-8.016,9.054,62.012,73.817,192974.587,149730.179,66645.984,237831.332,1346106.286,23835.56,647182.082,1369941.846,1499378.262,0.898,129436.416
239,50psi,27,11,36.0,6.0,1.673,80.0,-8.018,9.056,62.031,191.305,185236.326,141849.644,66651.783,686768.218,1068810.437,23842.894,1080505.971,1092653.331,1308754.525,0.817,216101.194
235,50psi,28,11,38.0,6.0,1.673,84.0,-8.016,9.054,62.012,191.253,192974.587,149730.179,66645.984,686529.398,1068519.396,23835.56,1095880.149,1092354.956,1311530.986,0.815,219176.03
233,50psi,28,13,38.0,6.0,1.673,84.0,-8.018,9.056,62.031,191.306,192974.587,149730.179,66651.888,686772.439,1068815.581,23843.027,1096129.094,1092658.608,1311884.427,0.815,219225.819
132,150psi,28,11,38.0,6.0,1.673,84.0,-8.016,9.054,62.012,73.817,192974.587,149730.179,66645.984,237831.332,1127839.334,23835.56,647182.082,1151674.894,1281111.311,0.88,129436.416
31,600psi,27,12,36.0,6.0,1.674,80.0,-8.019,9.057,62.038,73.845,185236.326,141849.644,66653.916,237915.482,1346607.605,23845.592,631655.368,1370453.197,1496784.271,0.9,126331.074
237,50psi,27,12,36.0,6.0,1.674,80.0,-8.019,9.057,62.038,191.324,185236.326,141849.644,66653.916,686855.946,1068917.336,23845.592,1080595.832,1092762.928,1308882.095,0.817,216119.166
134,150psi,27,12,36.0,6.0,1.674,80.0,-8.019,9.057,62.038,73.845,185236.326,141849.644,66653.916,237915.482,1128259.366,23845.592,631655.368,1152104.958,1278436.032,0.883,126331.074
35,600psi,26,11,35.0,6.0,1.675,78.0,-8.022,9.06,62.06,73.868,181359.806,137909.376,66660.784,237988.401,1347041.962,23854.279,623918.366,1370896.241,1495679.914,0.901,124783.673
30,600psi,28,10,38.0,6.0,1.675,84.0,-8.024,9.062,62.073,73.882,192974.587,149730.179,66664.553,238028.398,1347280.196,23859.047,647397.717,1371139.243,1500618.787,0.898,129479.543
133,150psi,28,10,38.0,6.0,1.675,84.0,-8.024,9.062,62.073,73.882,192974.587,149730.179,66664.553,238028.398,1128822.899,23859.047,647397.717,1152681.946,1282161.489,0.88,129479.543
236,50psi,28,10,38.0,6.0,1.675,84.0,-8.024,9.062,62.073,191.42,192974.587,149730.179,66664.553,687294.161,1069451.229,23859.047,1096663.48,1093310.276,1312642.972,0.815,219332.696
138,150psi,26,11,35.0,6.0,1.675,78.0,-8.022,9.06,62.06,73.868,181359.806,137909.376,66660.784,237988.401,1128623.294,23854.279,623918.366,1152477.573,1277261.246,0.884,124783.673
241,50psi,26,11,35.0,6.0,1.675,78.0,-8.022,9.06,62.06,191.386,181359.806,137909.376,66660.784,687138.93,1069262.122,23854.279,1073068.895,1093116.401,1307730.18,0.818,214613.779
135,150psi,27,10,36.0,6.0,1.676,80.0,-8.025,9.063,62.082,73.892,185236.326,141849.644,66667.503,238059.742,1128979.314,23862.779,631813.215,1152842.093,1279204.736,0.883,126362.643
32,600psi,27,10,36.0,6.0,1.676,80.0,-8.025,9.063,62.082,73.892,185236.326,141849.644,66667.503,238059.742,1347466.882,23862.779,631813.215,1371329.661,1497692.304,0.9,126362.643
137,150psi,26,12,35.0,6.0,1.676,78.0,-8.025,9.063,62.083,73.892,181359.806,137909.376,66667.676,238061.641,1128988.791,23862.998,623998.499,1152851.789,1277651.488,0.884,124799.7
34,600psi,26,12,35.0,6.0,1.676,78.0,-8.025,9.063,62.083,73.892,181359.806,137909.376,66667.676,238061.641,1347478.193,23862.998,623998.499,1371341.19,1496140.89,0.901,124799.7
238,50psi,27,10,36.0,6.0,1.676,80.0,-8.025,9.063,62.082,191.446,185236.326,141849.644,66667.503,687415.814,1069599.418,23862.779,1081169.286,1093462.196,1309696.053,0.817,216233.857
240,50psi,26,12,35.0,6.0,1.676,78.0,-8.025,9.063,62.083,191.448,181359.806,137909.376,66667.676,687423.185,1069608.396,23862.998,1073360.042,1093471.394,1308143.402,0.818,214672.008
36,600psi,26,10,35.0,6.0,1.677,78.0,-8.028,9.066,62.103,73.913,181359.806,137909.376,66673.723,238125.868,1347860.696,23870.647,624068.771,1371731.344,1496545.098,0.901,124813.754
145,150psi,25,11,34.0,6.0,1.677,76.0,-8.028,9.066,62.105,73.916,177477.913,133969.108,66674.459,238133.642,1129348.066,23871.579,616255.122,1153219.645,1276470.669,0.885,123251.024
248,50psi,25,11,34.0,6.0,1.677,76.0,-8.028,9.066,62.105,191.509,177477.913,133969.108,66674.459,687702.65,1069948.775,23871.579,1065824.129,1093820.353,1306985.179,0.819,213164.826
139,150psi,26,10,35.0,6.0,1.677,78.0,-8.028,9.066,62.103,73.913,181359.806,137909.376,66673.723,238125.868,1129309.273,23870.647,624068.771,1153179.92,1277993.674,0.884,124813.754
242,50psi,26,10,35.0,6.0,1.677,78.0,-8.028,9.066,62.103,191.502,181359.806,137909.376,66673.723,687672.471,1069912.022,23870.647,1073615.375,1093782.669,1308505.744,0.818,214723.075
42,600psi,25,11,34.0,6.0,1.677,76.0,-8.028,9.066,62.105,73.916,177477.913,133969.108,66674.459,238133.642,1347906.997,23871.579,616255.122,1371778.576,1495029.601,0.902,123251.024
43,600psi,25,10,34.0,6.0,1.678,76.0,-8.031,9.069,62.13,73.942,177477.913,133969.108,66681.844,238212.139,1348374.44,23880.923,616341.004,1372255.363,1495523.564,0.902,123268.201
146,150psi,25,10,34.0,6.0,1.678,76.0,-8.031,9.069,62.13,73.942,177477.913,133969.108,66681.844,238212.139,1129739.715,23880.923,616341.004,1153620.637,1276888.838,0.885,123268.201
249,50psi,25,10,34.0,6.0,1.678,76.0,-8.031,9.069,62.13,191.575,177477.913,133969.108,66681.844,688007.351,1070319.824,23880.923,1066136.216,1094200.747,1307427.99,0.819,213227.243
247,50psi,25,12,34.0,6.0,1.679,76.0,-8.034,9.072,62.154,191.642,177477.913,133969.108,66689.337,688316.17,1070695.814,23890.403,1066452.527,1094586.218,1307876.723,0.819,213290.505
41,600psi,25,12,34.0,6.0,1.679,76.0,-8.034,9.072,62.154,73.968,177477.913,133969.108,66689.337,238291.69,1348848.108,23890.403,616428.048,1372738.511,1496024.121,0.902,123285.61
144,150psi,25,12,34.0,6.0,1.679,76.0,-8.034,9.072,62.154,73.968,177477.913,133969.108,66689.337,238291.69,1130136.578,23890.403,616428.048,1154026.982,1277312.591,0.885,123285.61
256,50psi,24,10,32.0,6.0,1.68,72.0,-8.037,9.075,62.173,191.695,169696.53,126088.572,66695.176,688557.338,1070989.39,23897.792,1051037.615,1094887.182,1305094.705,0.821,210207.523
152,150psi,24,11,32.0,6.0,1.68,72.0,-8.037,9.075,62.175,73.99,169696.53,126088.572,66695.679,238359.1,1130472.843,23898.429,600839.882,1154371.272,1274539.248,0.887,120167.976
50,600psi,24,10,32.0,6.0,1.68,72.0,-8.037,9.075,62.173,73.988,169696.53,126088.572,66695.176,238353.81,1349217.95,23897.792,600834.087,1373115.742,1493282.559,0.904,120166.817
255,50psi,24,11,32.0,6.0,1.68,72.0,-8.037,9.075,62.175,191.699,169696.53,126088.572,66695.679,688577.879,1071014.392,23898.429,1051058.66,1094912.822,1305124.554,0.821,210211.732
153,150psi,24,10,32.0,6.0,1.68,72.0,-8.037,9.075,62.173,73.988,169696.53,126088.572,66695.176,238353.81,1130446.452,23897.792,600834.087,1154344.244,1274511.061,0.887,120166.817
49,600psi,24,11,32.0,6.0,1.68,72.0,-8.037,9.075,62.175,73.99,169696.53,126088.572,66695.679,238359.1,1349249.448,23898.429,600839.882,1373147.877,1493315.854,0.904,120167.976
56,600psi,23,10,31.0,6.0,1.683,70.0,-8.046,9.084,62.244,74.062,165796.229,122148.304,66716.683,238582.457,1350578.976,23925.012,593243.674,1374503.988,1493152.723,0.905,118648.735
159,150psi,23,10,31.0,6.0,1.683,70.0,-8.046,9.084,62.244,74.062,165796.229,122148.304,66716.683,238582.457,1131586.792,23925.012,593243.674,1155511.804,1274160.539,0.888,118648.735
262,50psi,23,10,31.0,6.0,1.683,70.0,-8.046,9.084,62.244,191.888,165796.229,122148.304,66716.683,689445.152,1072069.752,23925.012,1044106.369,1095994.764,1304816.038,0.822,208821.274
151,150psi,24,12,32.0,6.0,1.684,72.0,-8.049,9.087,62.272,74.091,169696.53,126088.572,66724.964,238670.436,1132025.474,23935.494,601180.502,1155960.968,1276197.068,0.887,120236.1
254,50psi,24,12,32.0,6.0,1.684,72.0,-8.049,9.087,62.272,191.963,169696.53,126088.572,66724.964,689786.82,1072485.361,23935.494,1052296.886,1096420.855,1306880.232,0.821,210459.377
48,600psi,24,12,32.0,6.0,1.684,72.0,-8.049,9.087,62.272,74.091,169696.53,126088.572,66724.964,238670.436,1351102.555,23935.494,601180.502,1375038.049,1495274.149,0.904,120236.1
147,150psi,25,9,34.0,6.0,1.685,76.0,-8.054,9.092,62.306,74.128,177477.913,133969.108,66735.565,238783.382,1132588.574,23948.915,616965.969,1156537.489,1279930.683,0.885,123393.194
37,600psi,26,9,35.0,6.0,1.685,78.0,-8.052,9.09,62.29,74.111,181359.806,137909.376,66730.616,238730.676,1351461.018,23942.649,624730.473,1375403.667,1500349.762,0.901,124946.095
158,150psi,23,11,31.0,6.0,1.685,70.0,-8.052,9.09,62.294,74.114,165796.229,122148.304,66731.66,238741.738,1132380.963,23943.971,593417.931,1156324.934,1275008.52,0.888,118683.586
44,600psi,25,9,34.0,6.0,1.685,76.0,-8.054,9.092,62.306,74.128,177477.913,133969.108,66735.565,238783.382,1351774.63,23948.915,616965.969,1375723.545,1499116.739,0.902,123393.194
250,50psi,25,9,34.0,6.0,1.685,76.0,-8.054,9.092,62.306,192.058,177477.913,133969.108,66735.565,690225.497,1073018.845,23948.915,1068408.083,1096967.76,1310649.377,0.819,213681.617
55,600psi,23,11,31.0,6.0,1.685,70.0,-8.052,9.09,62.294,74.114,165796.229,122148.304,66731.66,238741.738,1351526.84,23943.971,593417.931,1375470.811,1494154.397,0.905,118683.586
261,50psi,23,11,31.0,6.0,1.685,70.0,-8.052,9.09,62.294,192.023,165796.229,122148.304,66731.66,690063.745,1072822.153,23943.971,1044739.939,1096766.124,1305714.112,0.822,208947.988
243,50psi,26,9,35.0,6.0,1.685,78.0,-8.052,9.09,62.29,192.014,181359.806,137909.376,66730.616,690020.781,1072769.904,23942.649,1076020.578,1096712.553,1311916.669,0.818,215204.116
140,150psi,26,9,35.0,6.0,1.685,78.0,-8.052,9.09,62.29,74.111,181359.806,137909.376,66730.616,238730.676,1132325.813,23942.649,624730.473,1156268.462,1281214.557,0.884,124946.095
257,50psi,24,9,32.0,6.0,1.686,72.0,-8.057,9.095,62.331,192.126,169696.53,126088.572,66743.17,690539.622,1073400.77,23958.543,1053067.894,1097359.313,1307972.891,0.821,210613.579
154,150psi,24,9,32.0,6.0,1.686,72.0,-8.057,9.095,62.331,74.154,169696.53,126088.572,66743.17,238864.252,1132991.702,23958.543,601392.524,1156950.245,1277228.75,0.887,120278.505
51,600psi,24,9,32.0,6.0,1.686,72.0,-8.057,9.095,62.331,74.154,169696.53,126088.572,66743.17,238864.252,1352255.774,23958.543,601392.524,1376214.317,1496492.822,0.904,120278.505
62,600psi,22,10,30.0,6.0,1.688,68.0,-8.061,9.099,62.363,74.187,161888.931,118208.036,66752.689,238965.5,1352858.08,23970.596,585815.156,1376828.676,1493991.707,0.906,117163.031
160,150psi,23,9,31.0,6.0,1.688,70.0,-8.063,9.101,62.376,74.202,165796.229,122148.304,66756.816,239009.429,1133715.28,23975.822,593710.779,1157691.102,1276433.258,0.888,118742.156
263,50psi,23,9,31.0,6.0,1.688,70.0,-8.063,9.101,62.376,192.249,165796.229,122148.304,66756.816,691103.602,1074086.291,23975.822,1045804.951,1098062.113,1307223.103,0.822,209160.99
57,600psi,23,9,31.0,6.0,1.688,70.0,-8.063,9.101,62.376,74.202,165796.229,122148.304,66756.816,239009.429,1353119.384,23975.822,593710.779,1377095.206,1495837.362,0.905,118742.156
268,50psi,22,10,30.0,6.0,1.688,68.0,-8.061,9.099,62.363,192.212,161888.931,118208.036,66752.689,690932.937,1073878.871,23970.596,1037782.593,1097849.467,1305405.986,0.823,207556.519
165,150psi,22,10,30.0,6.0,1.688,68.0,-8.061,9.099,62.363,74.187,161888.931,118208.036,66752.689,238965.5,1133496.346,23970.596,585815.156,1157466.942,1274629.973,0.889,117163.031
166,150psi,22,9,30.0,6.0,1.691,68.0,-8.072,9.11,62.446,74.275,161888.931,118208.036,66777.978,239234.778,1134838.158,24002.624,586109.724,1158840.783,1276062.728,0.889,117221.945
63,600psi,22,9,30.0,6.0,1.691,68.0,-8.072,9.11,62.446,74.275,161888.931,118208.036,66777.978,239234.778,1354459.569,24002.624,586109.724,1378462.193,1495684.138,0.906,117221.945
269,50psi,22,9,30.0,6.0,1.691,68.0,-8.072,9.11,62.446,192.44,161888.931,118208.036,66777.978,691979.2,1075150.11,24002.624,1038854.145,1099152.734,1306923.563,0.823,207770.829
267,50psi,22,11,30.0,6.0,1.693,68.0,-8.077,9.115,62.488,192.553,161888.931,118208.036,66790.591,692501.251,1075784.108,24018.602,1039388.809,1099802.71,1307680.472,0.823,207877.762
164,150psi,22,11,30.0,6.0,1.693,68.0,-8.077,9.115,62.488,74.319,161888.931,118208.036,66790.591,239369.111,1135507.354,24018.602,586256.67,1159525.956,1276777.29,0.889,117251.334
61,600psi,22,11,30.0,6.0,1.693,68.0,-8.077,9.115,62.488,74.319,161888.931,118208.036,66790.591,239369.111,1355258.271,24018.602,586256.67,1379276.873,1496528.207,0.906,117251.334
275,50psi,21,9,28.0,6.0,1.696,64.0,-8.087,9.125,62.564,192.762,154051.35,110327.501,66813.837,693464.411,1076953.27,24048.055,1024657.099,1101001.324,1305932.744,0.825,204931.42
172,150psi,21,9,28.0,6.0,1.696,64.0,-8.087,9.125,62.564,74.4,154051.35,110327.501,66813.837,239616.901,1136741.423,24048.055,570809.589,1160789.477,1274951.395,0.892,114161.918
68,600psi,21,10,28.0,6.0,1.696,64.0,-8.086,9.124,62.556,74.391,154051.35,110327.501,66811.317,239590.01,1356571.346,24044.862,570780.179,1380616.208,1494772.244,0.908,114156.036
69,600psi,21,9,28.0,6.0,1.696,64.0,-8.087,9.125,62.564,74.4,154051.35,110327.501,66813.837,239616.901,1356731.165,24048.055,570809.589,1380779.22,1494941.138,0.908,114161.918
171,150psi,21,10,28.0,6.0,1.696,64.0,-8.086,9.124,62.556,74.391,154051.35,110327.501,66811.317,239590.01,1136607.518,24044.862,570780.179,1160652.38,1274808.415,0.892,114156.036
274,50psi,21,10,28.0,6.0,1.696,64.0,-8.086,9.124,62.556,192.74,154051.35,110327.501,66811.317,693359.874,1076826.408,24044.862,1024550.042,1100871.269,1305781.278,0.825,204910.008
273,50psi,21,11,28.0,6.0,1.707,64.0,-8.118,9.156,62.805,193.419,154051.35,110327.501,66886.763,696490.591,1080622.171,24140.502,1027756.205,1104762.673,1310313.914,0.825,205551.241
170,150psi,21,11,28.0,6.0,1.707,64.0,-8.118,9.156,62.805,74.653,154051.35,110327.501,66886.763,240395.029,1140614.007,24140.502,571660.642,1164754.509,1279086.638,0.892,114332.128
67,600psi,21,11,28.0,6.0,1.707,64.0,-8.118,9.156,62.805,74.653,154051.35,110327.501,66886.763,240395.029,1361353.198,24140.502,571660.642,1385493.7,1499825.828,0.908,114332.128
141,150psi,26,8,35.0,6.0,1.708,78.0,-8.123,9.16,62.838,74.688,181359.806,137909.376,66896.698,240501.132,1141141.745,24153.103,626667.012,1165294.848,1290628.251,0.884,125333.402
244,50psi,26,8,35.0,6.0,1.708,78.0,-8.123,9.16,62.838,193.508,181359.806,137909.376,66896.698,696903.422,1081122.153,24153.103,1083069.302,1105275.256,1321889.116,0.818,216613.86
38,600psi,26,8,35.0,6.0,1.708,78.0,-8.123,9.16,62.838,74.688,181359.806,137909.376,66896.698,240501.132,1361983.068,24153.103,626667.012,1386136.171,1511469.573,0.901,125333.402
45,600psi,25,8,34.0,6.0,1.709,76.0,-8.124,9.162,62.85,74.701,177477.913,133969.108,66900.408,240540.92,1362219.236,24157.808,618888.349,1386377.044,1510154.713,0.902,123777.67
251,50psi,25,8,34.0,6.0,1.709,76.0,-8.124,9.162,62.85,193.542,177477.913,133969.108,66900.408,697058.239,1081309.619,24157.808,1075405.668,1105467.427,1320548.561,0.819,215081.134
148,150psi,25,8,34.0,6.0,1.709,76.0,-8.124,9.162,62.85,74.701,177477.913,133969.108,66900.408,240540.92,1141339.619,24157.808,618888.349,1165497.428,1289275.097,0.885,123777.67
264,50psi,23,8,31.0,6.0,1.71,70.0,-8.129,9.167,62.887,193.642,165796.229,122148.304,66911.532,697520.623,1081869.41,24171.919,1052376.689,1106041.329,1316516.667,0.822,210475.338
177,150psi,20,10,27.0,6.0,1.71,62.0,-8.127,9.165,62.876,74.728,150119.97,106387.233,66908.238,240625.004,1141757.758,24167.741,564040.445,1165925.499,1278733.588,0.893,112808.089
280,50psi,20,10,27.0,6.0,1.71,62.0,-8.127,9.165,62.876,193.613,150119.97,106387.233,66908.238,697385.44,1081705.765,24167.741,1020800.881,1105873.506,1310033.682,0.826,204160.176
161,150psi,23,8,31.0,6.0,1.71,70.0,-8.129,9.167,62.887,74.739,165796.229,122148.304,66911.532,240659.741,1141930.487,24171.919,595515.807,1166102.407,1285205.568,0.889,119103.161
58,600psi,23,8,31.0,6.0,1.71,70.0,-8.129,9.167,62.887,74.739,165796.229,122148.304,66911.532,240659.741,1362924.452,24171.919,595515.807,1387096.372,1506199.533,0.905,119103.161
258,50psi,24,8,32.0,6.0,1.71,72.0,-8.128,9.166,62.879,193.621,169696.53,126088.572,66909.236,697421.984,1081750.004,24169.006,1060116.322,1105919.011,1317942.275,0.821,212023.264
155,150psi,24,8,32.0,6.0,1.71,72.0,-8.128,9.166,62.879,74.731,169696.53,126088.572,66909.236,240634.394,1141804.453,24169.006,603328.732,1165973.459,1286639.206,0.887,120665.746
52,600psi,24,8,32.0,6.0,1.71,72.0,-8.128,9.166,62.879,74.731,169696.53,126088.572,66909.236,240634.394,1362774.027,24169.006,603328.732,1386943.033,1507608.78,0.904,120665.746
74,600psi,20,10,27.0,6.0,1.71,62.0,-8.127,9.165,62.876,74.728,150119.97,106387.233,66908.238,240625.004,1362718.295,24167.741,564040.445,1386886.036,1499694.125,0.909,112808.089
167,150psi,22,8,30.0,6.0,1.712,68.0,-8.135,9.173,62.931,74.787,161888.931,118208.036,66924.965,240804.439,1142649.904,24188.962,587826.371,1166838.865,1284404.14,0.89,117565.274
64,600psi,22,8,30.0,6.0,1.712,68.0,-8.135,9.173,62.931,74.787,161888.931,118208.036,66924.965,240804.439,1363783.095,24188.962,587826.371,1387972.056,1505537.331,0.906,117565.274
270,50psi,22,8,30.0,6.0,1.712,68.0,-8.135,9.173,62.931,193.764,161888.931,118208.036,66924.965,698083.78,1082550.988,24188.962,1045105.712,1106739.949,1315761.092,0.823,209021.142
276,50psi,21,8,28.0,6.0,1.715,64.0,-8.144,9.182,63.002,193.958,154051.35,110327.501,66946.561,698980.462,1083635.738,24216.365,1030305.874,1107852.102,1313913.277,0.825,206061.175
70,600psi,21,8,28.0,6.0,1.715,64.0,-8.144,9.182,63.002,74.861,154051.35,110327.501,66946.561,241034.788,1365149.648,24216.365,572360.2,1389366.013,1503838.053,0.908,114472.04
173,150psi,21,8,28.0,6.0,1.715,64.0,-8.144,9.182,63.002,74.861,154051.35,110327.501,66946.561,241034.788,1143794.875,24216.365,572360.2,1168011.239,1282483.279,0.892,114472.04
176,150psi,20,11,27.0,6.0,1.729,62.0,-8.185,9.223,63.319,75.195,150119.97,106387.233,67042.375,242060.483,1148888.797,24338.028,565610.061,1173226.825,1286348.837,0.893,113122.012
73,600psi,20,11,27.0,6.0,1.729,62.0,-8.185,9.223,63.319,75.195,150119.97,106387.233,67042.375,242060.483,1371229.38,24338.028,565610.061,1395567.408,1508689.42,0.909,113122.012
279,50psi,20,11,27.0,6.0,1.729,62.0,-8.185,9.223,63.319,194.822,150119.97,106387.233,67042.375,702975.741,1088461.739,24338.028,1026525.319,1112799.767,1318104.831,0.826,205305.064
186,150psi,18,9,24.0,6.0,1.74,56.0,-8.218,9.256,63.577,75.467,138267.839,94566.429,67120.338,242897.806,1153041.932,24437.121,542852.412,1177479.053,1286049.535,0.897,108570.482
83,600psi,18,9,24.0,6.0,1.74,56.0,-8.218,9.256,63.577,75.467,138267.839,94566.429,67120.338,242897.806,1376186.257,24437.121,542852.412,1400623.378,1509193.861,0.912,108570.482
289,50psi,18,9,24.0,6.0,1.74,56.0,-8.218,9.256,63.577,195.526,138267.839,94566.429,67120.338,706240.373,1092396.436,24437.121,1006194.979,1116833.557,1318072.553,0.829,201238.996
82,600psi,18,10,24.0,6.0,1.768,56.0,-8.301,9.339,64.215,76.14,138267.839,94566.429,67313.155,244974.69,1388456.91,24682.574,545122.114,1413139.484,1522163.907,0.912,109024.423
288,50psi,18,10,24.0,6.0,1.768,56.0,-8.301,9.339,64.215,197.27,138267.839,94566.429,67313.155,714349.859,1102136.7,24682.574,1014497.283,1126819.274,1329718.731,0.829,202899.457
185,150psi,18,10,24.0,6.0,1.768,56.0,-8.301,9.339,64.215,76.14,138267.839,94566.429,67313.155,244974.69,1163322.936,24682.574,545122.114,1188005.511,1297029.933,0.897,109024.423
190,150psi,17,9,23.0,6.0,1.776,54.0,-8.326,9.364,64.413,76.348,134295.333,90626.161,67372.821,245619.239,1166507.711,24758.636,537913.554,1191266.347,1298849.058,0.898,107582.711
87,600psi,17,9,23.0,6.0,1.776,54.0,-8.326,9.364,64.413,76.348,134295.333,90626.161,67372.821,245619.239,1392258.023,24758.636,537913.554,1417016.659,1524599.37,0.913,107582.711
293,50psi,17,9,23.0,6.0,1.776,54.0,-8.326,9.364,64.413,197.81,134295.333,90626.161,67372.821,716870.037,1105153.967,24758.636,1009164.353,1129912.604,1331745.474,0.83,201832.871
246,50psi,26,7,35.0,6.0,1.777,78.0,-8.329,9.367,64.436,197.873,181359.806,137909.376,67379.78,717166.757,1105508.913,24767.51,1103815.718,1130276.423,1351039.567,0.818,220763.144
40,600psi,26,7,35.0,6.0,1.777,78.0,-8.329,9.367,64.436,76.373,181359.806,137909.376,67379.78,245695.099,1392705.179,24767.51,632344.06,1417472.689,1543941.501,0.902,126468.812
143,150psi,26,7,35.0,6.0,1.777,78.0,-8.329,9.367,64.436,76.373,181359.806,137909.376,67379.78,245695.099,1166882.362,24767.51,632344.06,1191649.872,1318118.684,0.885,126468.812
47,600psi,25,7,34.0,6.0,1.777,76.0,-8.33,9.368,64.439,76.376,177477.913,133969.108,67380.767,245705.561,1392766.843,24768.769,624533.349,1417535.612,1542442.281,0.903,124906.67
253,50psi,25,7,34.0,6.0,1.777,76.0,-8.33,9.368,64.439,197.882,177477.913,133969.108,67380.767,717207.68,1105557.861,24768.769,1096035.468,1130326.63,1349533.724,0.819,219207.094
150,150psi,25,7,34.0,6.0,1.777,76.0,-8.33,9.368,64.439,76.376,177477.913,133969.108,67380.767,245705.561,1166934.027,24768.769,624533.349,1191702.796,1316609.466,0.886,124906.67
54,600psi,24,7,32.0,6.0,1.778,72.0,-8.331,9.369,64.452,76.389,169696.53,126088.572,67384.603,245747.499,1393014.023,24773.662,608917.204,1417787.684,1539571.125,0.905,121783.441
157,150psi,24,7,32.0,6.0,1.778,72.0,-8.331,9.369,64.452,76.389,169696.53,126088.572,67384.603,245747.499,1167141.127,24773.662,608917.204,1191914.789,1313698.23,0.888,121783.441
260,50psi,24,7,32.0,6.0,1.778,72.0,-8.331,9.369,64.452,197.917,169696.53,126088.572,67384.603,717371.728,1105754.069,24773.662,1080541.433,1130527.73,1346636.017,0.821,216108.287
60,600psi,23,7,31.0,6.0,1.778,70.0,-8.333,9.371,64.463,76.4,165796.229,122148.304,67387.755,245781.124,1393212.193,24777.682,601113.413,1417989.875,1538212.558,0.906,120222.683
163,150psi,23,7,31.0,6.0,1.778,70.0,-8.333,9.371,64.463,76.4,165796.229,122148.304,67387.755,245781.124,1167307.165,24777.682,601113.413,1192084.847,1312307.53,0.89,120222.683
266,50psi,23,7,31.0,6.0,1.778,70.0,-8.333,9.371,64.463,197.945,165796.229,122148.304,67387.755,717503.262,1105911.374,24777.682,1072835.551,1130689.056,1345256.166,0.822,214567.11
272,50psi,22,7,30.0,6.0,1.779,68.0,-8.336,9.374,64.487,198.012,161888.931,118208.036,67395.044,717811.82,1106280.338,24786.979,1065303.831,1131067.317,1344128.083,0.823,213060.766
169,150psi,22,7,30.0,6.0,1.779,68.0,-8.336,9.374,64.487,76.426,161888.931,118208.036,67395.044,245859.998,1167696.613,24786.979,593352.009,1192483.592,1311153.994,0.891,118670.402
66,600psi,22,7,30.0,6.0,1.779,68.0,-8.336,9.374,64.487,76.426,161888.931,118208.036,67395.044,245859.998,1393677.009,24786.979,593352.009,1418463.989,1537134.39,0.907,118670.402
278,50psi,21,7,28.0,6.0,1.781,64.0,-8.341,9.379,64.526,198.12,154051.35,110327.501,67406.973,718317.028,1106884.303,24802.196,1050102.852,1131686.499,1341707.07,0.825,210020.57
175,150psi,21,7,28.0,6.0,1.781,64.0,-8.341,9.379,64.526,76.468,154051.35,110327.501,67406.973,245989.126,1168334.108,24802.196,577774.95,1193136.304,1308691.294,0.893,115554.99
72,600psi,21,7,28.0,6.0,1.781,64.0,-8.341,9.379,64.526,76.468,154051.35,110327.501,67406.973,245989.126,1394437.877,24802.196,577774.95,1419240.073,1534795.063,0.909,115554.99
282,50psi,20,7,27.0,6.0,1.785,62.0,-8.352,9.39,64.61,198.349,150119.97,106387.233,67432.251,719388.573,1108164.708,24834.449,1043328.028,1132999.157,1341664.762,0.826,208665.606
76,600psi,20,7,27.0,6.0,1.785,62.0,-8.352,9.39,64.61,76.556,150119.97,106387.233,67432.251,246262.952,1396050.913,24834.449,570202.407,1420885.362,1534925.843,0.91,114040.481
179,150psi,20,7,27.0,6.0,1.785,62.0,-8.352,9.39,64.61,76.556,150119.97,106387.233,67432.251,246262.952,1169685.595,24834.449,570202.407,1194520.044,1308560.526,0.894,114040.481
80,600psi,19,7,26.0,6.0,1.789,60.0,-8.365,9.403,64.712,76.663,146179.385,102446.965,67462.745,246593.374,1397996.547,24873.368,562682.47,1422869.915,1535406.409,0.911,112536.494
183,150psi,19,7,26.0,6.0,1.789,60.0,-8.365,9.403,64.712,76.663,146179.385,102446.965,67462.745,246593.374,1171315.751,24873.368,562682.47,1196189.119,1308725.613,0.895,112536.494
286,50psi,19,7,26.0,6.0,1.789,60.0,-8.365,9.403,64.712,198.625,146179.385,102446.965,67462.745,720681.981,1109709.124,24873.368,1036771.077,1134582.492,1341936.707,0.827,207354.215
188,150psi,18,7,24.0,6.0,1.797,56.0,-8.389,9.427,64.9,76.861,138267.839,94566.429,67519.364,247207.647,1174344.376,24945.667,547561.28,1199290.043,1308802.299,0.897,109512.256
291,50psi,18,7,24.0,6.0,1.797,56.0,-8.389,9.427,64.9,199.139,138267.839,94566.429,67519.364,723087.631,1112578.455,24945.667,1023441.264,1137524.122,1342212.375,0.829,204688.253
85,600psi,18,7,24.0,6.0,1.797,56.0,-8.389,9.427,64.9,76.861,138267.839,94566.429,67519.364,247207.647,1401611.292,24945.667,547561.28,1426556.959,1536069.215,0.912,109512.256
297,50psi,16,8,22.0,6.0,1.8,52.0,-8.398,9.436,64.972,199.335,130310.516,86685.893,67541.123,724008.225,1113675.4,24973.464,1008545.757,1138648.864,1340358.016,0.831,201709.151
91,600psi,16,8,22.0,6.0,1.8,52.0,-8.398,9.436,64.972,76.937,130310.516,86685.893,67541.123,247442.618,1402993.208,24973.464,531980.151,1427966.673,1534362.703,0.914,106396.03
194,150psi,16,8,22.0,6.0,1.8,52.0,-8.398,9.436,64.972,76.937,130310.516,86685.893,67541.123,247442.618,1175502.219,24973.464,531980.151,1200475.684,1306871.714,0.899,106396.03
192,150psi,17,7,23.0,6.0,1.811,54.0,-8.431,9.469,65.222,77.201,134295.333,90626.161,67616.345,248261.997,1179536.94,25069.612,540799.836,1204606.553,1312766.52,0.899,108159.967
295,50psi,17,7,23.0,6.0,1.811,54.0,-8.431,9.469,65.222,200.019,134295.333,90626.161,67616.345,727220.155,1117497.91,25069.612,1019757.994,1142567.523,1346519.121,0.83,203951.599
89,600psi,17,7,23.0,6.0,1.811,54.0,-8.431,9.469,65.222,77.201,134295.333,90626.161,67616.345,248261.997,1407808.755,25069.612,540799.836,1432878.368,1541038.335,0.914,108159.967
181,150psi,19,12,26.0,6.0,1.821,60.0,-8.461,9.499,65.455,77.447,146179.385,102446.965,67686.436,249025.587,1183292.961,25159.276,565338.373,1208452.237,1321519.912,0.895,113067.675
284,50psi,19,12,26.0,6.0,1.821,60.0,-8.461,9.499,65.455,200.656,146179.385,102446.965,67686.436,730215.737,1121056.379,25159.276,1046528.524,1146215.655,1355521.36,0.827,209305.705
78,600psi,19,12,26.0,6.0,1.821,60.0,-8.461,9.499,65.455,77.447,146179.385,102446.965,67686.436,249025.587,1412291.667,25159.276,565338.373,1437450.943,1550518.617,0.911,113067.675
189,150psi,17,10,23.0,6.0,1.825,54.0,-8.473,9.511,65.547,77.543,134295.333,90626.161,67713.927,249325.494,1184767.124,25194.463,541960.915,1209961.587,1318353.77,0.899,108392.183
86,600psi,17,10,23.0,6.0,1.825,54.0,-8.473,9.511,65.547,77.543,134295.333,90626.161,67713.927,249325.494,1414051.119,25194.463,541960.915,1439245.582,1547637.765,0.914,108392.183
292,50psi,17,10,23.0,6.0,1.825,54.0,-8.473,9.511,65.547,200.906,134295.333,90626.161,67713.927,731392.898,1122453.007,25194.463,1024028.319,1147647.47,1352453.134,0.83,204805.664
299,50psi,16,7,22.0,6.0,1.834,52.0,-8.499,9.537,65.748,201.457,130310.516,86685.893,67774.312,733987.583,1125528.013,25271.79,1018758.304,1150799.803,1354551.464,0.831,203751.661
296,50psi,16,9,22.0,6.0,1.834,52.0,-8.499,9.536,65.746,201.451,130310.516,86685.893,67773.828,733961.884,1125497.58,25271.17,1018732.122,1150768.751,1354515.175,0.831,203746.424
196,150psi,16,7,22.0,6.0,1.834,52.0,-8.499,9.537,65.748,77.756,130310.516,86685.893,67774.312,249986.234,1188012.843,25271.79,534756.955,1213284.633,1320236.024,0.9,106951.391
93,600psi,16,7,22.0,6.0,1.834,52.0,-8.499,9.537,65.748,77.756,130310.516,86685.893,67774.312,249986.234,1417924.971,25271.79,534756.955,1443196.761,1550148.152,0.915,106951.391
90,600psi,16,9,22.0,6.0,1.834,52.0,-8.499,9.536,65.746,77.753,130310.516,86685.893,67773.828,249979.691,1417886.631,25271.17,534749.929,1443157.802,1550107.788,0.915,106949.986
193,150psi,16,9,22.0,6.0,1.834,52.0,-8.499,9.536,65.746,77.753,130310.516,86685.893,67773.828,249979.691,1187980.72,25271.17,534749.929,1213251.89,1320201.876,0.9,106949.986
301,50psi,15,8,20.0,6.0,1.858,48.0,-8.572,9.61,66.313,202.998,122299.939,78810.489,67943.772,741276.941,1134141.68,25489.077,1010331.142,1159630.756,1361696.985,0.833,202066.228
95,600psi,15,8,20.0,6.0,1.858,48.0,-8.572,9.61,66.313,78.351,122299.939,78810.489,67943.772,251840.193,1428776.351,25489.077,520894.394,1454265.427,1558444.306,0.917,104178.879
198,150psi,15,8,20.0,6.0,1.858,48.0,-8.572,9.61,66.313,78.351,122299.939,78810.489,67943.772,251840.193,1197104.705,25489.077,520894.394,1222593.782,1326772.661,0.902,104178.879
97,600psi,15,7,20.0,6.0,1.87,48.0,-8.609,9.647,66.598,78.651,122299.939,78810.489,68028.969,252777.391,1434251.685,25598.474,521916.788,1459850.158,1564233.516,0.917,104383.358
200,150psi,15,7,20.0,6.0,1.87,48.0,-8.609,9.647,66.598,78.651,122299.939,78810.489,68028.969,252777.391,1201692.231,25598.474,521916.788,1227290.704,1331674.062,0.902,104383.358
303,50psi,15,7,20.0,6.0,1.87,48.0,-8.609,9.647,66.598,203.776,122299.939,78810.489,68028.969,744966.809,1138487.919,25598.474,1014106.206,1164086.393,1366907.634,0.833,202821.241
77,600psi,19,13,26.0,6.0,1.913,60.0,-8.737,9.775,67.589,79.695,146179.385,102446.965,68325.024,256047.007,1453300.556,25979.434,572998.381,1479279.99,1593879.666,0.912,114599.676
180,150psi,19,13,26.0,6.0,1.913,60.0,-8.737,9.775,67.589,79.695,146179.385,102446.965,68325.024,256047.007,1217652.387,25979.434,572998.381,1243631.821,1358231.497,0.896,114599.676
283,50psi,19,13,26.0,6.0,1.913,60.0,-8.737,9.775,67.589,206.483,146179.385,102446.965,68325.024,757865.885,1153608.634,25979.434,1074817.259,1179588.067,1394551.519,0.827,214963.452
94,600psi,15,9,20.0,6.0,1.926,48.0,-8.776,9.814,67.896,80.019,122299.939,78810.489,68416.415,257061.133,1459192.251,26097.289,526587.977,1485289.54,1590607.135,0.917,105317.595
197,150psi,15,9,20.0,6.0,1.926,48.0,-8.776,9.814,67.896,80.019,122299.939,78810.489,68416.415,257061.133,1222588.762,26097.289,526587.977,1248686.051,1354003.646,0.903,105317.595
300,50psi,15,9,20.0,6.0,1.926,48.0,-8.776,9.814,67.896,207.32,122299.939,78810.489,68416.415,761874.966,1158285.374,26097.289,1031401.809,1184382.663,1390663.025,0.833,206280.362
308,50psi,14,7,19.0,6.0,1.93,46.0,-8.789,9.827,67.994,207.588,118271.901,78049.353,68445.741,763161.677,1159784.098,26135.132,1027928.671,1185919.23,1391504.964,0.833,205585.734
205,150psi,14,7,19.0,6.0,1.93,46.0,-8.789,9.827,67.994,80.122,118271.901,78049.353,68445.741,257386.408,1224170.689,26135.132,522153.403,1250305.821,1354736.501,0.904,104430.681
102,600psi,14,7,19.0,6.0,1.93,46.0,-8.789,9.827,67.994,80.122,118271.901,78049.353,68445.741,257386.408,1461080.323,26135.132,522153.403,1487215.455,1591646.135,0.918,104430.681
100,600psi,14,8,19.0,6.0,1.952,46.0,-8.855,9.893,68.502,80.657,118271.901,78049.353,68596.753,259069.35,1470836.214,26330.196,523987.357,1497166.41,1601963.882,0.918,104797.471
203,150psi,14,8,19.0,6.0,1.952,46.0,-8.855,9.893,68.502,80.657,118271.901,78049.353,68596.753,259069.35,1232344.693,26330.196,523987.357,1258674.889,1363472.36,0.904,104797.471
306,50psi,14,8,19.0,6.0,1.952,46.0,-8.855,9.893,68.502,208.974,118271.901,78049.353,68596.753,769825.328,1167528.182,26330.196,1034743.335,1193858.377,1400807.044,0.833,206948.667
162,150psi,23,6,31.0,6.0,1.974,70.0,-8.92,9.958,69.009,81.191,165796.229,122148.304,68747.34,260753.851,1240508.344,26525.037,617445.725,1267033.38,1390522.525,0.892,123489.145
156,150psi,24,6,32.0,6.0,1.974,72.0,-8.919,9.957,69.002,81.185,169696.53,126088.572,68745.429,260732.439,1240404.684,26522.562,625262.97,1266927.246,1391979.84,0.891,125052.594
149,150psi,25,6,34.0,6.0,1.974,76.0,-8.919,9.957,68.998,81.18,177477.913,133969.108,68744.24,260719.122,1240340.214,26521.023,640910.383,1266861.237,1395043.314,0.889,128182.077
46,600psi,25,6,34.0,6.0,1.974,76.0,-8.919,9.957,68.998,81.18,177477.913,133969.108,68744.24,260719.122,1480379.082,26521.023,640910.383,1506900.105,1635082.182,0.905,128182.077
252,50psi,25,6,34.0,6.0,1.974,76.0,-8.919,9.957,68.998,210.33,177477.913,133969.108,68744.24,776367.907,1175103.17,26521.023,1156559.169,1201624.193,1432936.026,0.82,231311.834
142,150psi,26,6,35.0,6.0,1.974,78.0,-8.919,9.957,68.996,81.178,181359.806,137909.376,68743.708,260713.161,1240311.356,26520.334,648726.051,1266831.69,1396576.901,0.888,129745.21
39,600psi,26,6,35.0,6.0,1.974,78.0,-8.919,9.957,68.996,81.178,181359.806,137909.376,68743.708,260713.161,1480344.64,26520.334,648726.051,1506864.974,1636610.184,0.905,129745.21
59,600psi,23,6,31.0,6.0,1.974,70.0,-8.92,9.958,69.009,81.191,165796.229,122148.304,68747.34,260753.851,1480579.749,26525.037,617445.725,1507104.786,1630593.931,0.908,123489.145
259,50psi,24,6,32.0,6.0,1.974,72.0,-8.919,9.957,69.002,210.341,169696.53,126088.572,68745.429,776420.76,1175164.249,26522.562,1140951.291,1201686.811,1429877.069,0.822,228190.258
245,50psi,26,6,35.0,6.0,1.974,78.0,-8.919,9.957,68.996,210.325,181359.806,137909.376,68743.708,776344.25,1175075.83,26520.334,1164357.14,1201596.164,1434467.592,0.819,232871.428
53,600psi,24,6,32.0,6.0,1.974,72.0,-8.919,9.957,69.002,81.185,169696.53,126088.572,68745.429,260732.439,1480456.029,26522.562,625262.97,1506978.591,1632031.185,0.907,125052.594
265,50psi,23,6,31.0,6.0,1.974,70.0,-8.92,9.958,69.009,210.359,165796.229,122148.304,68747.34,776505.744,1175262.456,26525.037,1133197.617,1201787.493,1428427.016,0.823,226639.523
65,600psi,22,6,30.0,6.0,1.975,68.0,-8.922,9.96,69.019,81.203,161888.931,118208.036,68750.493,260789.183,1480783.89,26529.119,609636.643,1507313.009,1629240.338,0.909,121927.329
271,50psi,22,6,30.0,6.0,1.975,68.0,-8.922,9.96,69.019,210.388,161888.931,118208.036,68750.493,776645.977,1175424.5,26529.119,1125493.437,1201953.619,1427052.307,0.824,225098.687
168,150psi,22,6,30.0,6.0,1.975,68.0,-8.922,9.96,69.019,81.203,161888.931,118208.036,68750.493,260789.183,1240679.383,26529.119,609636.643,1267208.503,1389135.831,0.893,121927.329
71,600psi,21,6,28.0,6.0,1.976,64.0,-8.924,9.962,69.041,81.226,154051.35,110327.501,68757.068,260862.878,1481209.65,26537.635,593998.797,1507747.285,1626547.044,0.911,118799.759
174,150psi,21,6,28.0,6.0,1.976,64.0,-8.924,9.962,69.041,81.226,154051.35,110327.501,68757.068,260862.878,1241036.108,26537.635,593998.797,1267573.743,1386373.502,0.895,118799.759
277,50psi,21,6,28.0,6.0,1.976,64.0,-8.924,9.962,69.041,210.448,154051.35,110327.501,68757.068,776938.487,1175762.463,26537.635,1110074.406,1202300.097,1424314.978,0.825,222014.881
178,150psi,20,6,27.0,6.0,1.977,62.0,-8.929,9.967,69.077,81.264,150119.97,106387.233,68767.781,260982.967,1241617.338,26551.51,586257.951,1268168.847,1385420.438,0.896,117251.59
281,50psi,20,6,27.0,6.0,1.977,62.0,-8.929,9.967,69.077,210.547,150119.97,106387.233,68767.781,777415.191,1176313.122,26551.51,1102690.175,1202864.631,1423402.666,0.826,220538.035
75,600psi,20,6,27.0,6.0,1.977,62.0,-8.929,9.967,69.077,81.264,150119.97,106387.233,68767.781,260982.967,1481903.363,26551.51,586257.951,1508454.873,1625706.463,0.912,117251.59
79,600psi,19,6,26.0,6.0,1.98,60.0,-8.937,9.975,69.141,81.331,146179.385,102446.965,68786.627,261194.322,1483124.023,26575.923,578607.3,1509699.946,1625421.406,0.912,115721.46
182,150psi,19,6,26.0,6.0,1.98,60.0,-8.937,9.975,69.141,81.331,146179.385,102446.965,68786.627,261194.322,1242640.071,26575.923,578607.3,1269215.994,1384937.454,0.897,115721.46
285,50psi,19,6,26.0,6.0,1.98,60.0,-8.937,9.975,69.141,210.72,146179.385,102446.965,68786.627,778254.311,1177282.063,26575.923,1095667.288,1203857.986,1422991.444,0.827,219133.458
187,150psi,18,6,24.0,6.0,1.984,56.0,-8.951,9.989,69.245,81.44,138267.839,94566.429,68817.342,261538.994,1244307.315,26615.721,563190.605,1270923.036,1383561.157,0.899,112638.121
84,600psi,18,6,24.0,6.0,1.984,56.0,-8.951,9.989,69.245,81.44,138267.839,94566.429,68817.342,261538.994,1485113.923,26615.721,563190.605,1511729.644,1624367.765,0.914,112638.121
290,50psi,18,6,24.0,6.0,1.984,56.0,-8.951,9.989,69.245,211.003,138267.839,94566.429,68817.342,779623.079,1178861.617,26615.721,1081274.69,1205477.338,1421732.276,0.829,216254.938
88,600psi,17,6,23.0,6.0,1.993,54.0,-8.976,10.014,69.441,81.647,134295.333,90626.161,68875.521,262192.604,1488884.981,26691.142,555989.62,1515576.123,1626774.047,0.915,111197.924
191,150psi,17,6,23.0,6.0,1.993,54.0,-8.976,10.014,69.441,81.647,134295.333,90626.161,68875.521,262192.604,1247466.908,26691.142,555989.62,1274158.05,1385355.974,0.9,111197.924
294,50psi,17,6,23.0,6.0,1.993,54.0,-8.976,10.014,69.441,211.539,134295.333,90626.161,68875.521,782219.914,1181855.028,26691.142,1076016.929,1208546.169,1423749.555,0.83,215203.386
298,50psi,16,6,22.0,6.0,2.007,52.0,-9.018,10.056,69.764,212.421,130310.516,86685.893,68971.234,786504.508,1186784.46,26815.325,1072472.151,1213599.785,1428094.215,0.831,214494.43
92,600psi,16,6,22.0,6.0,2.007,52.0,-9.018,10.056,69.764,81.987,130310.516,86685.893,68971.234,263270.146,1495095.013,26815.325,549237.79,1521910.338,1631757.896,0.916,109847.558
195,150psi,16,6,22.0,6.0,2.007,52.0,-9.018,10.056,69.764,81.987,130310.516,86685.893,68971.234,263270.146,1252670.003,26815.325,549237.79,1279485.328,1389332.886,0.902,109847.558
202,150psi,13,7,18.0,6.0,2.028,44.0,-9.081,10.119,70.255,82.505,114226.962,77188.66,69116.625,264910.637,1260577.543,27004.213,525442.885,1287581.756,1392670.333,0.905,105088.577
99,600psi,13,7,18.0,6.0,2.028,44.0,-9.081,10.119,70.255,82.505,114226.962,77188.66,69116.625,264910.637,1504532.873,27004.213,525442.885,1531537.087,1636625.664,0.919,105088.577
305,50psi,13,7,18.0,6.0,2.028,44.0,-9.081,10.119,70.255,213.762,114226.962,77188.66,69116.625,793035.741,1194276.094,27004.213,1053567.989,1221280.308,1431993.905,0.834,210713.598
199,150psi,15,6,20.0,6.0,2.03,48.0,-9.088,10.126,70.31,82.562,122299.939,78810.489,69132.674,265093.194,1261456.477,27025.082,535336.297,1288481.559,1395548.818,0.904,107067.259
302,50psi,15,6,20.0,6.0,2.03,48.0,-9.088,10.126,70.31,213.911,122299.939,78810.489,69132.674,793763.158,1195108.8,27025.082,1064006.261,1222133.882,1434935.134,0.833,212801.252
96,600psi,15,6,20.0,6.0,2.03,48.0,-9.088,10.126,70.31,82.562,122299.939,78810.489,69132.674,265093.194,1505581.904,27025.082,535336.297,1532606.986,1639674.246,0.918,107067.259
204,150psi,14,6,19.0,6.0,2.07,46.0,-9.207,10.245,71.229,83.531,118271.901,78049.353,69404.05,268174.715,1276261.794,27378.512,533900.019,1303640.306,1410420.31,0.905,106780.004
101,600psi,14,6,19.0,6.0,2.07,46.0,-9.207,10.245,71.229,83.531,118271.901,78049.353,69404.05,268174.715,1523252.445,27378.512,533900.019,1550630.957,1657410.961,0.919,106780.004
307,50psi,14,6,19.0,6.0,2.07,46.0,-9.207,10.245,71.229,216.421,118271.901,78049.353,69404.05,806060.163,1209135.415,27378.512,1071785.467,1236513.927,1450871.021,0.833,214357.093
98,600psi,13,8,18.0,6.0,2.106,44.0,-9.314,10.352,72.056,84.403,114226.962,77188.66,69647.511,270957.719,1539151.737,27696.476,532020.853,1566848.213,1673252.383,0.92,106404.171
201,150psi,13,8,18.0,6.0,2.106,44.0,-9.314,10.352,72.056,84.403,114226.962,77188.66,69647.511,270957.719,1289583.066,27696.476,532020.853,1317279.541,1423683.712,0.906,106404.171
304,50psi,13,8,18.0,6.0,2.106,44.0,-9.314,10.352,72.056,218.68,114226.962,77188.66,69647.511,817195.482,1221756.04,27696.476,1078258.616,1249452.516,1465104.239,0.834,215651.723
287,50psi,18,14,24.0,6.5,2.314,56.0,-9.939,10.977,76.889,231.875,157429.806,107413.72,71057.134,883583.595,1295475.498,29553.884,1219484.255,1325029.382,1568926.233,0.826,243896.851
81,600psi,18,14,24.0,6.5,2.314,56.0,-9.939,10.977,76.889,89.496,157429.806,107413.72,71057.134,287409.95,1632022.514,29553.884,623310.61,1661576.398,1786238.52,0.914,124662.122
184,150psi,18,14,24.0,6.5,2.314,56.0,-9.939,10.977,76.889,89.496,157429.806,107413.72,71057.134,287409.95,1367395.134,29553.884,623310.61,1396949.019,1521611.141,0.899,124662.122
